;Datatype;Decimals;Default;Description;ID;Key;MapYear;ParentID;Position;PresentationType;Title;Type;Unit;odata.type
0;;;;;0;WijkenEnBuurten;2019.0;;0.0;;Wijken en buurten;GeoDetail;;Cbs.OData.GeoDetail
1;;;;"De gemeenten in Nederland zijn onderverdeeld in wijken en buurten. Buurten vormen het laagste regionale niveau. Wijken zijn optellingen van één of meer aaneengesloten buurten. De gemeente bepaalt zelf de indeling in wijken en buurten. Het CBS coördineert landelijk deze indeling.

Wijk:
Onderdeel van een gemeente, bestaande uit één of meerdere buurten. Vaak komt een wijk overeen met een woonplaats of een deel van een grotere woonplaats.

Buurt:
Onderdeel van een gemeente, dat vanuit bebouwingsoogpunt of sociaaleconomische structuur homogeen is afgebakend. Homogeen wil zeggen dat één functie dominant is, bijvoorbeeld woonfunctie (woongebied), werkfunctie (industriegebied) of recreatieve functie (natuurgebied). Functies kunnen echter ook gemengd voorkomen.

";1;;;;;;Regioaanduiding;TopicGroup;;Cbs.OData.TopicGroup
2;String;0.0;Impossible;De naam van de bestuurlijke gemeente. Deze naam volgt de officiële schrijfwijze.;2;Gemeentenaam_1;;1.0;1.0;;Gemeentenaam;Topic;naam;Cbs.OData.Topic
3;String;0.0;Impossible;De gekozen regioaanduiding betreft: Gemeente, Wijk of Buurt.;3;SoortRegio_2;;1.0;2.0;;Soort regio;Topic;omschrijving;Cbs.OData.Topic
4;String;0.0;Impossible;"Gemeentecode heeft 4 posities, voorafgegaan door ‘GM’.
Wijkcode heeft 6 posities: gemeentecode (4) + wijkcode (2), voorafgegaan door ‘WK’.
Buurtcode heeft 8 posities: gemeentecode (4) + wijkcode (2) + buurtcode (2), voorafgegaan door ‘BU’.";4;Codering_3;;1.0;3.0;;Codering;Topic;code;Cbs.OData.Topic
5;String;0.0;Impossible;"Deze indicator geeft per wijk en buurt aan of de cijfers uit deze tabel zonder problemen kunnen worden gekoppeld aan en vergeleken met de cijfers van een jaar eerder, of dat er wijzigingen in de Wijk- en Buurtindeling zijn waardoor dit niet kan. Detailinformatie over wijzigingen in de Wijk- en Buurtindeling kan worden verkregen door de wijk- en buurtkaart van twee opeenvolgende jaren met elkaar te vergelijken.

De indicator kent drie mogelijke waarden:
1: De codering en afbakening van deze wijk/buurt is ongewijzigd ten opzichte van het voorgaande jaar. Het is wel mogelijk dat een naamswijziging heeft plaatsgevonden. De cijfers kunnen worden gekoppeld en vergeleken met die van het voorgaande jaar.
2: De codering van de wijk/buurt is veranderd ten opzichte van het voorgaande jaar. De afbakening is ongewijzigd. Om te kunnen koppelen met cijfers van het voorgaande jaar zal eerst moeten worden achterhaald wat de codering van het voorgaande jaar was. Is de koppeling eenmaal geslaagd dan kunnen de cijfers alsnog met elkaar worden vergeleken.
3: De afbakening van de wijk/buurt is veranderd ten opzichte van het voorgaande jaar. Dit kan gepaard zijn gegaan met een gewijzigde codering. De cijfers kunnen niet zonder meer worden vergeleken met die van het voorgaande jaar. Verschillen kunnen immers samenhangen met de verandering in de afbakening van de wijk of buurt.

Voor een wijk of buurt wordt alleen een wijziging in de afbakening geconstateerd wanneer een grens circa 5 meter of meer is verlegd. Kleinere grenswijzigingen worden niet als significant beschouwd.";5;IndelingswijzigingWijkenEnBuurten_4;;1.0;4.0;;Indelingswijziging wijken en buurten;Topic;code;Cbs.OData.Topic
6;;;;"De bevolking van Nederland op 1 januari.

Bevolking:
De inwoners van Nederland.
In de bevolkingsaantallen zijn uitsluitend personen begrepen die zijn opgenomen in het bevolkingsregister van een Nederlandse gemeente. 
In principe wordt iedereen die voor onbepaalde tijd in Nederland woont, opgenomen in het bevolkingsregister van de woongemeente. Personen die tot de bevolking van Nederland behoren, maar voor wie geen vaste woonplaats valt aan te wijzen, zijn opgenomen in het bevolkingsregister van de gemeente 's-Gravenhage.
In de bevolkingsregisters zijn niet opgenomen de in Nederland wonende personen waarvoor uitzonderingsregels gelden met betrekking tot opneming in de bevolkingsregisters (bijvoorbeeld diplomaten en NAVO militairen) en personen die niet legaal in Nederland verblijven.

Om redenen van statistische geheimhouding zijn de aantallen op wijk- en buurtniveau aselect afgerond op veelvouden van 5. 
Bij aselect afronden wordt door loten bepaald of een getal naar boven of naar beneden wordt afgerond. De daarbij gehanteerde kansen zijn omgekeerd evenredig met de afrondverschillen. Gemiddeld wordt een getal hierdoor op zichzelf afgerond. Het gemiddelde afrondverschil per getal is evenwel groter dan het geval is bij afronding op het dichtstbijzijnde veelvoud van 5. Door afrondverschillen is de som van afgeronde getallen niet altijd gelijk aan de afgeronde som. Hierdoor kan het voorkomen dat wanneer een wijk uit één buurt bestaat of een gemeente uit één wijk, dit afgerond niet overeenkomt.

Het komt voor dat van inwoners wel bekend is binnen welke gemeente ze geregistreerd zijn, maar niet exact waar ze verblijven. Deze inwoners zijn daarom wel meegeteld in de gemeentecijfers, maar niet in de cijfers per wijk en buurt. De cijfers per gemeente kunnen daardoor afwijken van de onderliggende wijken of buurten, zelfs wanneer een gemeente slechts uit één wijk bestaat.
";6;;;;;;Bevolking;TopicGroup;;Cbs.OData.TopicGroup
7;Long;0.0;Impossible;;7;AantalInwoners_5;;6.0;5.0;Absolute;Aantal inwoners;Topic;aantal;Cbs.OData.Topic
8;;;;;8;;;6.0;;;Geslacht;TopicGroup;;Cbs.OData.TopicGroup
9;Long;0.0;Impossible;;9;Mannen_6;;8.0;6.0;Absolute;Mannen;Topic;aantal;Cbs.OData.Topic
10;Long;0.0;Impossible;;10;Vrouwen_7;;8.0;7.0;Absolute;Vrouwen;Topic;aantal;Cbs.OData.Topic
11;;;;;11;;;6.0;;;Leeftijdsgroepen;TopicGroup;;Cbs.OData.TopicGroup
12;Long;0.0;Impossible;Aantal inwoners dat op 1 januari 0 tot 15 jaar oud is.;12;k_0Tot15Jaar_8;;11.0;8.0;Absolute;0 tot 15 jaar;Topic;aantal;Cbs.OData.Topic
13;Long;0.0;Impossible;Aantal inwoners dat op 1 januari 15 tot 25 jaar oud is.;13;k_15Tot25Jaar_9;;11.0;9.0;Absolute;15 tot 25 jaar;Topic;aantal;Cbs.OData.Topic
14;Long;0.0;Impossible;Aantal inwoners dat op 1 januari 25 tot 45 jaar oud is.;14;k_25Tot45Jaar_10;;11.0;10.0;Absolute;25 tot 45 jaar;Topic;aantal;Cbs.OData.Topic
15;Long;0.0;Impossible;Aantal inwoners dat op 1 januari 45 tot 65 jaar oud is.;15;k_45Tot65Jaar_11;;11.0;11.0;Absolute;45 tot 65 jaar;Topic;aantal;Cbs.OData.Topic
16;Long;0.0;Impossible;Aantal inwoners dat op 1 januari 65 jaar of ouder is.;16;k_65JaarOfOuder_12;;11.0;12.0;Absolute;65 jaar of ouder;Topic;aantal;Cbs.OData.Topic
17;;;;;17;;;6.0;;;Burgerlijke staat;TopicGroup;;Cbs.OData.TopicGroup
18;Long;0.0;Impossible;Het aantal inwoners dat op 1 januari ongehuwd is. De burgerlijke staat ongehuwd geeft aan dat een persoon nog nooit een huwelijk heeft gesloten of een geregistreerd partnerschap is aangegaan.;18;Ongehuwd_13;;17.0;13.0;Absolute;Ongehuwd;Topic;aantal;Cbs.OData.Topic
19;Long;0.0;Impossible;Het aantal inwoners dat op 1 januari gehuwd is. De burgerlijke staat gehuwd ontstaat na sluiting van een huwelijk of het aangaan van een geregistreerd partnerschap. Tot de gehuwden worden ook personen gerekend die gescheiden zijn van tafel en bed, want zij blijven formeel gehuwd.;19;Gehuwd_14;;17.0;14.0;Absolute;Gehuwd;Topic;aantal;Cbs.OData.Topic
20;Long;0.0;Impossible;Het aantal inwoners dat op 1 januari gescheiden is. De burgerlijke staat gescheiden ontstaat na ontbinding van een huwelijk door echtscheiding of na ontbinding van een geregistreerd partnerschap anders dan door het overlijden van de partner. Personen die gescheiden zijn van tafel en bed worden tot de gehuwden gerekend.;20;Gescheiden_15;;17.0;15.0;Absolute;Gescheiden;Topic;aantal;Cbs.OData.Topic
21;Long;0.0;Impossible;Het aantal inwoners dat op 1 januari verweduwd is. De burgerlijke staat verweduwd ontstaat na ontbinding van een huwelijk of geregistreerd partnerschap door overlijden van de partner.;21;Verweduwd_16;;17.0;16.0;Absolute;Verweduwd;Topic;aantal;Cbs.OData.Topic
22;;;;"Het aantal personen met een migratieachtergrond op 1 januari. 

Persoon met een migratieachtergrond:
Persoon van wie ten minste één ouder in het buitenland is geboren.
Persoon met een eerste generatie migratieachtergrond:
Persoon die in het buitenland is geboren met ten minste één in het buitenland geboren ouder.
Persoon met een tweede generatie migratieachtergrond:
Persoon die in Nederland is geboren met ten minste één in het buitenland geboren ouder.

Personen met een migratieachtergrond worden onderverdeeld in westers en niet-westers op grond van hun geboorteland. Tot de categorie 'niet-westers' behoren personen met een migratieachtergrond uit Turkije, Afrika, Latijns-Amerika en Azië met uitzondering van Indonesië en Japan. Op grond van hun sociaaleconomische en sociaal-culturele positie worden personen met een migratieachtergrond uit deze twee landen tot personen met een westerse migratieachtergrond gerekend. Het gaat vooral om mensen die in voormalig Nederlands Indië zijn geboren en werknemers van Japanse bedrijven met hun gezin.
";22;;;6.0;;;Personen met een migratieachtergrond;TopicGroup;;Cbs.OData.TopicGroup
23;Long;0.0;Impossible;"Persoon met een migratieachtergrond met als herkomstgroepering een van de landen in de werelddelen Europa (exclusief Turkije), Noord-Amerika en Oceanië of Indonesië of Japan.
Op grond van hun sociaaleconomische en sociaal-culturele positie worden personen met een migratieachtergrond uit Indonesië en Japan tot de westerse personen met een migratieachtergrond gerekend. Het gaat vooral om mensen die in het voormalig Nederlands-Indië zijn geboren en werknemers van Japanse bedrijven met hun gezin.
";23;WestersTotaal_17;;22.0;17.0;Absolute;Westers totaal;Topic;aantal;Cbs.OData.Topic
24;;;;"Persoon met een migratieachtergrond met als herkomstgroepering een van de landen in de werelddelen Afrika, Latijns-Amerika en Azië (exclusief Indonesië en Japan) of Turkije.
Op grond van hun sociaaleconomische en sociaal-culturele positie worden personen met een migratieachtergrond uit Indonesië en Japan tot de westerse personen met een migratieachtergrond gerekend. Het gaat vooral om mensen die in het voormalig Nederlands-Indië zijn geboren en werknemers van Japanse bedrijven met hun gezin.
";24;;;22.0;;;Niet-westers;TopicGroup;;Cbs.OData.TopicGroup
25;Long;0.0;Impossible;;25;NietWestersTotaal_18;;24.0;18.0;Absolute;Niet-westers totaal;Topic;aantal;Cbs.OData.Topic
26;Long;0.0;Impossible;;26;Marokko_19;;24.0;19.0;Absolute;Marokko;Topic;aantal;Cbs.OData.Topic
27;Long;0.0;Impossible;"(voormalige) Nederlandse Antillen en Aruba
Betreft een samentelling van de eilanden die tot het grondgebied van de Nederlandse Antillen en Aruba van vóór 10 oktober 2010 behoorden.
Het gaat om de eilanden Bonaire, Curaçao, Saba, Sint-Eustatius, Sint-Maarten en Aruba.

Vanaf 10 oktober 2010 zijn de Nederlandse Antillen ontbonden. Het Koninkrijk der Nederlanden bestaat dan uit vier landen: Nederland, Aruba, Curaçao en Sint Maarten. Alle eilanden hebben een nieuwe status. Curaçao en Sint Maarten zijn nieuwe landen binnen het Koninkrijk. Met een 'Status aparte' binnen het Koninkrijk zijn Curaçao en Sint Maarten autonome landen. De landen hebben een zelfstandig bestuur en zijn niet meer afhankelijk van Nederland. De openbare lichamen Bonaire, Sint Eustatius en Saba, ook wel Caribisch Nederland, hebben een diepere band met Nederland en functioneren als bijzondere gemeente van Nederland.

Op 1 januari 1986 werd Aruba afgescheiden van de Nederlandse Antillen. Sinds die datum is Aruba een nieuw land binnen het Koninkrijk de Nederlanden. Met een 'Status aparte' binnen het Koninkrijk is Aruba een autonoom land. Aruba heeft een zelfstandig bestuur en is niet meer afhankelijk van Nederland.";27;NederlandseAntillenEnAruba_20;;24.0;20.0;Absolute;Nederlandse Antillen en Aruba;Topic;aantal;Cbs.OData.Topic
28;Long;0.0;Impossible;;28;Suriname_21;;24.0;21.0;Absolute;Suriname;Topic;aantal;Cbs.OData.Topic
29;Long;0.0;Impossible;;29;Turkije_22;;24.0;22.0;Absolute;Turkije;Topic;aantal;Cbs.OData.Topic
30;Long;0.0;Impossible;Totaal niet-westers minus Marokko, (voormalige) Nederlandse Antillen en Aruba, Suriname en Turkije.;30;OverigNietWesters_23;;24.0;23.0;Absolute;Overig niet-westers;Topic;aantal;Cbs.OData.Topic
31;;;;;31;;;6.0;;;Geboorte en sterfte;TopicGroup;;Cbs.OData.TopicGroup
32;Long;0.0;Impossible;Het aantal levendgeborenen van 1 januari tot en met 31 december van het betreffende jaar. Levendgeborenen zijn kinderen die na geboorte enig teken van leven hebben vertoond, ongeacht de zwangerschapsduur.;32;GeboorteTotaal_24;;31.0;24.0;Absolute;Geboorte totaal;Topic;aantal;Cbs.OData.Topic
33;Long;0.0;Impossible;"Het aantal levendgeborenen van 1 januari tot en met 31 december, per 1 000 inwoners op 1 januari van het betreffende jaar.
Het relatieve aantal geboorten kan hoger uitvallen dan verwacht op basis van het inwonertal. Het relatieve cijfer betreft namelijk het aantal geboorten gedurende het jaar ten opzichte van het aantal inwoners op 1 januari. In nieuwbouwwijken kan het aantal inwoners sterk groeien in een jaar. Zo kunnen er in 1 jaar 10 kinderen geboren worden in een wijk waarin op 1 januari slechts 10 inwoners wonen, maar aan het eind van het jaar bijvoorbeeld 200 inwoners.";33;GeboorteRelatief_25;;31.0;25.0;Relative;Geboorte relatief;Topic;per 1 000 inwoners;Cbs.OData.Topic
34;Long;0.0;Impossible;Alle overledenen van 1 januari tot en met 31 december van het betreffende jaar waarbij een bevoegde arts een overlijdensakte heeft ondertekend.;34;SterfteTotaal_26;;31.0;26.0;Absolute;Sterfte totaal;Topic;aantal;Cbs.OData.Topic
35;Long;0.0;Impossible;"Het aantal overledenen van 1 januari tot en met 31 december, per 1 000 inwoners op 1 januari van het betreffende jaar.
Het relatieve aantal overledenen kan hoger uitvallen dan verwacht op basis van het inwonertal. Het relatieve cijfer betreft namelijk het aantal overledenen gedurende het jaar ten opzichte van het aantal inwoners op 1 januari. In een buurt met een verpleeghuis kunnen op 1 januari 100 mensen wonen, maar door overlijdensgevallen komen er steeds nieuwe inwoners (bewoners van het verpleeghuis). Zo kan het aantal overlijdensgevallen ook 100 zijn, terwijl er inmiddels al vele mensen in die buurt (of dat verpleeghuis) hebben gewoond.";35;SterfteRelatief_27;;31.0;27.0;Relative;Sterfte relatief;Topic;per 1 000 inwoners;Cbs.OData.Topic
36;;;;"Betreft de huishoudens op 1 januari. 
Particuliere huishoudens bestaan uit één of meer personen die alleen of samen in een woonruimte zijn gehuisvest en zelf in hun dagelijks onderhoud voorzien. Naast eenpersoonshuishoudens onderscheiden we meerpersoonshuishoudens (niet-gehuwde paren, niet-gehuwde paren met kinderen, echtparen, echtparen met kinderen, eenouderhuishoudens en overige huishoudens). De institutionele huishoudens worden hiertoe niet gerekend.";36;;;6.0;;;Particuliere huishoudens;TopicGroup;;Cbs.OData.TopicGroup
37;Long;0.0;Impossible;Totaal particuliere huishoudens.;37;HuishoudensTotaal_28;;36.0;28.0;Absolute;Huishoudens totaal;Topic;aantal;Cbs.OData.Topic
38;Long;0.0;Impossible;Een particulier huishouden bestaande uit één persoon.;38;Eenpersoonshuishoudens_29;;36.0;29.0;Absolute;Eenpersoonshuishoudens;Topic;aantal;Cbs.OData.Topic
39;Long;0.0;Impossible;Meerpersoonshuishoudens zonder kinderen bestaan uit niet-gehuwde paren zonder kinderen, echtparen zonder kinderen en overige huishoudens.;39;HuishoudensZonderKinderen_30;;36.0;30.0;Absolute;Huishoudens zonder kinderen;Topic;aantal;Cbs.OData.Topic
40;Long;0.0;Impossible;Meerpersoonshuishoudens met kinderen bestaan uit niet-gehuwde paren met kinderen, echtparen met kinderen en eenouderhuishoudens.;40;HuishoudensMetKinderen_31;;36.0;31.0;Absolute;Huishoudens met kinderen;Topic;aantal;Cbs.OData.Topic
41;Double;1.0;Impossible;Dit gemiddelde is berekend als het aantal in particuliere huishoudens levende personen gedeeld door het aantal particuliere huishoudens.;41;GemiddeldeHuishoudensgrootte_32;;36.0;32.0;Absolute;Gemiddelde huishoudensgrootte;Topic;aantal;Cbs.OData.Topic
42;Long;0.0;Impossible;"Het (niet afgeronde) aantal inwoners per km² land is bepaald door het (niet afgeronde) aantal inwoners op 1 januari te delen door de (niet afgeronde) landoppervlakte. 
De bevolkingsdichtheid is opgenomen indien er 10 of meer inwoners in de buurt voorkomen.

";42;Bevolkingsdichtheid_33;;6.0;33.0;Relative;Bevolkingsdichtheid;Topic;aantal inwoners per km²;Cbs.OData.Topic
43;;;;;43;;;;;;Wonen;TopicGroup;;Cbs.OData.TopicGroup
44;Long;0.0;Impossible;Het totale aantal woningen op 1 januari van het desbetreffende jaar. Een woning is een verblijfsobject met minimaal een woonfunctie en eventueel één of meer andere gebruiksfuncties.;44;Woningvoorraad_34;;43.0;34.0;Absolute;Woningvoorraad;Topic;aantal;Cbs.OData.Topic
45;Long;0.0;Impossible;"De gemiddelde waarde onroerende zaken van woonobjecten gebaseerd op de Wet Waardering Onroerende Zaken (WOZ-waarde).
Voor de bepaling van de gemiddelde woningwaarde wordt alleen gebruik gemaakt van die WOZ-objecten omschreven als woningen dienend tot hoofdverblijf (WOZ-objectcode 10) en woningen met praktijkruimte (WOZ-objectcode 11) met een waarde groter dan nul euro.

De (voorlopig) gemiddelde woningwaarde wordt bepaald met de waardepeildatum van voorgaand jaar, bijv:
- 2019: waardepeildatum 1 januari 2018

Wanneer de woningvoorraad kleiner is dan 20 woningen of het aantal WOZ-objecten kleiner is dan 50 wordt er geen WOZ-waarde opgenomen.

";45;GemiddeldeWoningwaarde_35;;43.0;35.0;Relative;Gemiddelde woningwaarde;Topic;x 1 000 euro;Cbs.OData.Topic
46;;;;Er worden twee typen woningen onderscheiden, eengezins en meergezins. Een woning heeft het type meergezins wanneer het samen met andere woningen of (bedrijfs)ruimten een geheel pand vormt. Hieronder vallen flats, galerij-, portiek-, beneden- en bovenwoningen, appartementen en woningen boven bedrijfsruimten, voorzover deze zijn voorzien van een buiten de bedrijfsruimte gelegen toegangsdeur. Alle overige woningen hebben het type eengezins.;46;;;43.0;;;Woningen naar type;TopicGroup;;Cbs.OData.TopicGroup
47;Long;0.0;Impossible;"Peildatum: 1 januari van het desbetreffende jaar.
Het aantal eengezinswoningen is vermeld als percentage van de totale woningvoorraad en wordt alleen vermeld bij minimaal 20 woningen.
Eengezinswoning: Elke woning die tevens een geheel pand vormt. Hieronder vallen vrijstaande woningen, aaneengebouwde woningen, zoals twee onder één kap gebouwde hele huizen, boerderijen met woningen en voorts alle rijenhuizen.
";47;PercentageEengezinswoning_36;;46.0;36.0;Relative;Percentage eengezinswoning;Topic;%;Cbs.OData.Topic
48;Long;0.0;Impossible;"Peildatum: 1 januari van het desbetreffende jaar.
Het aantal meergezinswoningen is vermeld als percentage van de totale woningvoorraad en wordt alleen vermeld bij minimaal 20 woningen.
Meergezinswoning : Elke woning die samen met andere woonruimten c.q. bedrijfsruimten een geheel pand vormt. Hieronder vallen flats, galerij-, portiek-, beneden- en bovenwoningen, appartementen en woningen boven bedrijfsruimten, voor zover deze zijn voorzien van een buiten de bedrijfsruimte gelegen toegangsdeur.

";48;PercentageMeergezinswoning_37;;46.0;37.0;Relative;Percentage meergezinswoning;Topic;%;Cbs.OData.Topic
49;;;;Een woning is bewoond als er volgens de Basisregistratie Personen (BRP) op peildatum 1 januari minimaal 1 persoon stond ingeschreven op het bijbehorende adres. Alle overige woningen, die wel voor bewoning beschikbaar zijn, worden beschouwd als onbewoond.;49;;;43.0;;;Woningen naar bewoning;TopicGroup;;Cbs.OData.TopicGroup
50;Long;0.0;Impossible;"Peildatum: 1 januari van het desbetreffende jaar.
Het aantal bewoonde woningen is vermeld als percentage van de totale woningvoorraad en wordt alleen vermeld bij minimaal 20 woningen.
Bewoonde woningen: Woningen waar op de peildatum 1 januari minimaal 1 persoon stond ingeschreven in de Basisregistratie Personen (BRP).
";50;PercentageBewoond_38;;49.0;38.0;Relative;Percentage bewoond;Topic;%;Cbs.OData.Topic
51;Long;0.0;Impossible;"Peildatum: 1 januari van het desbetreffende jaar.
Het aantal leegstaande woningen is vermeld als percentage van de totale woningvoorraad en wordt alleen vermeld bij minimaal 20 woningen.
Niet-bewoonde woningen: Woningen waar op de peildatum 1 januari niemand stond ingeschreven in de Basisregistratie Personen (BRP).

";51;PercentageOnbewoond_39;;49.0;39.0;Relative;Percentage onbewoond;Topic;%;Cbs.OData.Topic
52;;;;Informatie over huur- en koopwoningen wordt samengesteld uit een koppeling tussen verschillende bronnen.;52;;;43.0;;;Woningen naar eigendom;TopicGroup;;Cbs.OData.TopicGroup
53;Long;0.0;Impossible;"Woningen die eigendom zijn van de (toekomstige) bewoner(s) of in gebruik als tweede woning. 

Peildatum: 1 januari van het desbetreffende jaar.
Het aantal is vermeld als percentage van het totaal aantal woningen en vermeld bij 20 woningen of meer per buurt en wanneer het aandeel woningen met eigendom onbekend 50 procent of minder bedroeg.

";53;Koopwoningen_40;;52.0;40.0;Relative;Koopwoningen;Topic;%;Cbs.OData.Topic
54;;;;Woningen die niet bewoond worden door de eigenaar van de woning. Bij woningen waar geen bewoner geregistreerd is, gaat het om woningen waarvan het aannemelijk is dat de woning bestemd is voor de huurmarkt.;54;;;52.0;;;Huurwoningen;TopicGroup;;Cbs.OData.TopicGroup
55;Long;0.0;Impossible;"Peildatum: 1 januari van het desbetreffende jaar.
Het aantal is vermeld als percentage van het totaal aantal woningen en vermeld bij 20 woningen of meer per buurt en wanneer het aandeel woningen met eigendom onbekend 50 procent of minder bedroeg.
";55;HuurwoningenTotaal_41;;54.0;41.0;Relative;Huurwoningen totaal;Topic;%;Cbs.OData.Topic
56;Long;0.0;Impossible;"Huurwoningen in eigendom van 'toegelaten instellingen volkshuisvesting'. Het betreft het aantal huurwoningen waarvan is vastgesteld dat de eigenaar een toegelaten instelling is. Het betreft niet het aantal sociale huurwoningen, omdat er alleen is vastgesteld wie de eigenaar is en er niet is gekeken naar de hoogte van de huurprijs.
Toegelaten instellingen: woningbouwvereniging, woningstichting, woningcorporatie. 
Sociale huurwoningen: woningen met een huur onder de liberalisatiegrens.

Peildatum: 1 januari van het desbetreffende jaar.
Het aantal is vermeld als percentage van het totaal aantal woningen en vermeld bij 20 woningen of meer per buurt en wanneer het aandeel woningen met eigendom onbekend 50 procent of minder bedroeg.

";56;InBezitWoningcorporatie_42;;54.0;42.0;Relative;In bezit woningcorporatie;Topic;%;Cbs.OData.Topic
57;Long;0.0;Impossible;"Een huurwoning in eigendom van onder andere bedrijven, particulieren en institutionele beleggers. Huurwoningen waarvan het eigendom wel kon worden vastgesteld maar de eigenaar niet vallen hier ook onder. 
Bedrijven: alle instellingen met een bedrijfsmatig karakter zoals bv's en nv's, zelfstandige ondernemers, makelaars en vastgoedhandelsmaatschappijen.
Particulieren: alle natuurlijke personen.
Institutionele beleggers: pensioenfondsen, beurs-, beleggings- en verzekeringsmaatschappijen.

Peildatum: 1 januari van het desbetreffende jaar.
Het aantal is vermeld als percentage van het totaal aantal woningen en vermeld bij 20 woningen of meer per buurt en wanneer het aandeel woningen met eigendom onbekend 50 procent of minder bedroeg.

";57;InBezitOverigeVerhuurders_43;;54.0;43.0;Relative;In bezit overige verhuurders;Topic;%;Cbs.OData.Topic
58;Long;0.0;Impossible;"Woningen waarvan het eigendom niet afgeleid kon worden op basis van diverse registraties zoals het WOZ-register, Personenregister en het woningbestand Kadaster. 

Peildatum: 1 januari van het desbetreffende jaar.
Het aantal is vermeld als percentage van het totaal aantal woningen en vermeld bij 20 woningen of meer per buurt en wanneer het aandeel woningen met eigendom onbekend 50 procent of minder bedroeg.
";58;EigendomOnbekend_44;;52.0;44.0;Relative;Eigendom onbekend;Topic;%;Cbs.OData.Topic
59;;;;"De aanduiding van het bouwjaar van een pand, waarin een woning zich bevindt. Oorspronkelijk als het pand bouwkundig gereed is of wordt opgeleverd. Latere wijziging aan een pand leidt niet tot wijziging van het bouwjaar. Bij een verblijfobject dat in meerdere panden is gelegen, wordt het oudste bouwjaar genomen.
De bouwjaarklasse heeft hier twee waarden: 
1) in of na het jaar 2000 gebouwd; 
2) vóór het jaar 2000 gebouwd.
";59;;;43.0;;;Woningen naar bouwjaar;TopicGroup;;Cbs.OData.TopicGroup
60;Long;0.0;Impossible;"Peildatum: 1 januari van het desbetreffende jaar.
Het aantal woningen met bouwjaar vóór 2000, uitgedrukt in hele procenten van het totaal aantal woningen. Het percentage is vermeld bij 20 woningen of meer per buurt.
";60;BouwjaarVoor2000_45;;59.0;45.0;Relative;Bouwjaar voor 2000;Topic;%;Cbs.OData.Topic
61;Long;0.0;Impossible;"Peildatum: 1 januari van het desbetreffende jaar.
Het aantal woningen met bouwjaar 2000 of later, uitgedrukt in hele procenten van het totaal aantal woningen. Het percentage is vermeld bij 20 woningen of meer per buurt.
";61;BouwjaarVanaf2000_46;;59.0;46.0;Relative;Bouwjaar vanaf 2000;Topic;%;Cbs.OData.Topic
62;;;;;62;;;;;;Energie;TopicGroup;;Cbs.OData.TopicGroup
63;;;;"Het gemiddeld jaarverbruik voor elektriciteit op individuele aansluitingen van particuliere woningen, zoals berekend vanuit de aansluitingenregisters van de energienetbedrijven. De eigen opwekking van elektriciteit, bijvoorbeeld met zonnepanelen, is niet bekend en dus ook niet inbegrepen in het gemiddelde jaarverbruik. Ook collectieve verbruiken van bijvoorbeeld liftinstallaties of hal-/galerijverlichting zijn niet meegeteld bij de berekening. 

De cijfers zijn afgerond op tientallen en vermeld bij zes of meer (bewoonde) woningen per woningtype of type eigendom.
";63;;;62.0;;;Gemiddeld elektriciteitsverbruik;TopicGroup;;Cbs.OData.TopicGroup
64;Long;0.0;Impossible;Het gemiddeld elektriciteitsverbruik voor alle woningtypen samen.;64;GemiddeldElektriciteitsverbruikTotaal_47;;63.0;47.0;Absolute;Gemiddeld elektriciteitsverbruik totaal;Topic;kWh;Cbs.OData.Topic
65;;;;"De volgende typen worden onderscheiden: appartement, tussenwoning, hoekwoning, twee-onder-één-kap-woning en vrijstaande woning. 
De typering wordt bepaald door het Kadaster.
";65;;;63.0;;;Naar woningtype;TopicGroup;;Cbs.OData.TopicGroup
66;Long;0.0;Impossible;Een geheel van bij elkaar horende vertrekken als afzonderlijke woongelegenheid binnen een grotere woning waarbij de opdeling van het gebouw heeft plaatsgevonden volgens het appartementsrecht. Een bovenwoning of flat die geen appartement is wordt niet meegenomen bij het berekenen van de verbruikscijfers.;66;Appartement_48;;65.0;48.0;Absolute;Appartement;Topic;kWh;Cbs.OData.Topic
67;Long;0.0;Impossible;;67;Tussenwoning_49;;65.0;49.0;Absolute;Tussenwoning;Topic;kWh;Cbs.OData.Topic
68;Long;0.0;Impossible;;68;Hoekwoning_50;;65.0;50.0;Absolute;Hoekwoning;Topic;kWh;Cbs.OData.Topic
69;Long;0.0;Impossible;;69;TweeOnderEenKapWoning_51;;65.0;51.0;Absolute;Twee-onder-één-kap-woning;Topic;kWh;Cbs.OData.Topic
70;Long;0.0;Impossible;;70;VrijstaandeWoning_52;;65.0;52.0;Absolute;Vrijstaande woning;Topic;kWh;Cbs.OData.Topic
71;;;;De volgende typen worden onderscheiden: huur- of koopwoning.  Deze informatie wordt samengesteld uit een koppeling tussen de Basisregistratie Adressen en Gebouwen (BAG) en het WOZ-register met een aanvulling uit het woningbestand van het Kadaster.;71;;;63.0;;;Naar eigendom;TopicGroup;;Cbs.OData.TopicGroup
72;Long;0.0;Impossible;Woningen in eigendom van 'toegelaten instellingen' (woningcorporaties), van institutionele beleggers of van particulieren die de woning verhuren aan de bewoner.;72;Huurwoning_53;;71.0;53.0;Absolute;Huurwoning;Topic;kWh;Cbs.OData.Topic
73;Long;0.0;Impossible;Woningen die eigendom zijn of worden van de (toekomstige) bewoners.;73;EigenWoning_54;;71.0;54.0;Absolute;Eigen woning;Topic;kWh;Cbs.OData.Topic
74;;;;"Het gemiddeld jaarverbruik voor aardgas van particuliere woningen, zoals berekend uit de aansluitingenregisters van de energienetbedrijven.
Bij de berekening van het gemiddeld aardgasverbruik zijn woningen met een zeer laag of zelfs nulverbruik meegeteld indien er sprake is van stadsverwarming. Hierdoor valt in gebieden waar stadsverwarming aanwezig is het gemiddeld aardgasverbruik van woningen laag uit.

De cijfers zijn afgerond op tientallen en vermeld bij zes of meer (bewoonde) woningen per woningtype of type eigendom.

";74;;;62.0;;;Gemiddeld aardgasverbruik;TopicGroup;;Cbs.OData.TopicGroup
75;Long;0.0;Impossible;Het gemiddeld aardgasverbruik voor alle woningtypen samen.;75;GemiddeldAardgasverbruikTotaal_55;;74.0;55.0;Absolute;Gemiddeld aardgasverbruik totaal;Topic;m³;Cbs.OData.Topic
76;;;;De volgende typen worden onderscheiden: appartement, tussenwoning, hoekwoning, twee-onder-één-kap-woning en vrijstaande woning. De typering wordt bepaald door het Kadaster.;76;;;74.0;;;Naar woningtype;TopicGroup;;Cbs.OData.TopicGroup
77;Long;0.0;Impossible;Een geheel van bij elkaar horende vertrekken als afzonderlijke woongelegenheid binnen een grotere woning waarbij de opdeling van het gebouw heeft plaatsgevonden volgens het appartementsrecht. Een bovenwoning of flat die geen appartement is wordt niet meegenomen bij het berekenen van de verbruikscijfers.;77;Appartement_56;;76.0;56.0;Absolute;Appartement;Topic;m³;Cbs.OData.Topic
78;Long;0.0;Impossible;;78;Tussenwoning_57;;76.0;57.0;Absolute;Tussenwoning;Topic;m³;Cbs.OData.Topic
79;Long;0.0;Impossible;;79;Hoekwoning_58;;76.0;58.0;Absolute;Hoekwoning;Topic;m³;Cbs.OData.Topic
80;Long;0.0;Impossible;;80;TweeOnderEenKapWoning_59;;76.0;59.0;Absolute;Twee-onder-één-kap-woning;Topic;m³;Cbs.OData.Topic
81;Long;0.0;Impossible;;81;VrijstaandeWoning_60;;76.0;60.0;Absolute;Vrijstaande woning;Topic;m³;Cbs.OData.Topic
82;;;;De volgende typen worden onderscheiden: huur- of koopwoning.  Deze informatie wordt samengesteld uit een koppeling tussen de Basisregistratie Adressen en Gebouwen (BAG) en het WOZ-register met een aanvulling uit het woningbestand van het Kadaster.;82;;;74.0;;;Naar eigendom;TopicGroup;;Cbs.OData.TopicGroup
83;Long;0.0;Impossible;Woningen in eigendom van 'toegelaten instellingen' (woningcorporaties), van institutionele beleggers of van particulieren die de woning verhuren aan de bewoner.;83;Huurwoning_61;;82.0;61.0;Absolute;Huurwoning;Topic;m³;Cbs.OData.Topic
84;Long;0.0;Impossible;Woningen die eigendom zijn of worden van de (toekomstige) bewoners.;84;EigenWoning_62;;82.0;62.0;Absolute;Eigen woning;Topic;m³;Cbs.OData.Topic
85;Double;1.0;Impossible;"Het percentage woningen dat is aangesloten op stadsverwarming. 

Stadsverwarming is een verwarmingssysteem waarbij de woningen in een wijk worden verwarmd via een ondergronds netwerk van warmwaterleidingen. In veel gevallen maakt stadsverwarming gebruik van restwarmte van bijvoorbeeld elektriciteitscentrales. Het aardgasverbruik van deze woningen is in veel gevallen zeer laag of zelfs nul. De hoeveelheid warmte die door aangesloten woningen in een jaar wordt afgenomen van de stadsverwarming is niet beschikbaar. Het percentage is vermeld bij tien of meer (bewoonde) woningen. Voor de gemeentes is een percentage van minder dan vijf of groter dan 95 afgerond op vijftallen.
";85;PercentageWoningenMetStadsverwarming_63;;74.0;63.0;Relative;Percentage woningen met stadsverwarming;Topic;%;Cbs.OData.Topic
86;;;;"Deze tabel geeft informatie over het persoonlijk inkomen van personen in particuliere huishoudens waarvan het inkomen is waargenomen en het inkomen van particuliere huishoudens met een waargenomen inkomen. De gegevens komen uit de Integrale Inkomens- en Vermogensstatistiek (IIVS) met als populatie de bevolking van Nederland op 1 januari van het verslagjaar met het inkomen over het verslagjaar. 

De Integrale Inkomens- en Vermogensstatistiek van het CBS is voornamelijk gebaseerd op registers afkomstig van het Ministerie van Financiën (de fiscale registers) en de bevolkingsregisters van de Nederlandse gemeenten (Basisregistratie personen). De Basisregistratie personen is een register waarin alle inwoners van een gemeente behoren te zijn ingeschreven. Uitgezonderd zijn:
- Inwoners van Nederland die gebruik maken van uitzonderingsregels die gelden met betrekking tot opneming in de bevolkingsregisters (niet-Nederlandse diplomaten en niet-Nederlandse NAVO militairen). Zij mogen zelf bepalen of zij in de bevolkingsregisters ingeschreven worden of niet.
- Asielzoekers die korter dan zes maanden in de centrale opvang verblijven en nog geen verblijfsvergunning hebben gekregen.
";86;;;;;;Inkomen;TopicGroup;;Cbs.OData.TopicGroup
87;;;;"De doelpopulatie bestaat uit personen behorende tot particuliere huishoudens waarvan het inkomen is waargenomen.
 
De inkomensgegevens zijn gebaseerd op het persoonlijk inkomen. Dit omvat de volgende bestanddelen van het bruto-inkomen van een persoon:
- inkomen uit arbeid;
- inkomen uit eigen onderneming;
- uitkering inkomensverzekeringen;
- uitkering sociale voorzieningen (met uitzondering van kinderbijslag).
";87;;;86.0;;;Inkomen van personen;TopicGroup;;Cbs.OData.TopicGroup
88;Long;0.0;Impossible;"Personen met persoonlijk inkomen in particuliere huishoudens. 
De cijfers zijn afgerond op honderdtallen.

Het betreft voorlopige cijfers.
";88;AantalInkomensontvangers_64;;87.0;64.0;Absolute;Aantal inkomensontvangers  ;Topic;aantal;Cbs.OData.Topic
89;Double;1.0;Impossible;"Het rekenkundig gemiddeld persoonlijk inkomen per persoon op basis van personen met persoonlijk inkomen die deel uitmaken van particuliere huishoudens.
De waarde is vermeld bij minimaal 2.500 personen met persoonlijk inkomen in particuliere huishoudens per regio.

Het betreft voorlopige cijfers.
";89;GemiddeldInkomenPerInkomensontvanger_65;;87.0;65.0;Relative;Gemiddeld inkomen per inkomensontvanger ;Topic;x 1 000 euro;Cbs.OData.Topic
90;Double;1.0;Impossible;"Het rekenkundig gemiddeld persoonlijk inkomen per persoon op basis van de totale bevolking in particuliere huishoudens.
De waarde is vermeld bij minimaal 2.500 personen in particuliere huishoudens per regio.

Het betreft voorlopige cijfers.
";90;GemiddeldInkomenPerInwoner_66;;87.0;66.0;Relative;Gemiddeld inkomen per inwoner ;Topic;x 1 000 euro;Cbs.OData.Topic
91;Double;1.0;Impossible;"Aandeel personen in particuliere huishoudens die behoren tot de landelijke 40% personen met het laagste persoonlijk inkomen.
Personen met persoonlijk inkomen in particuliere huishoudens zijn ingedeeld naar hoogte van het persoonlijk inkomen. 
De indeling vindt plaats nadat alle personen landelijk zijn gerangschikt van laag naar hoog persoonlijk inkomen. Tot de laagste 40-procent-groep worden de veertig procent personen met het laagste persoonlijk inkomen gerekend.
Het persoonlijk inkomen omvat inkomen uit arbeid, inkomen uit eigen onderneming, uitkering inkomensverzekeringen en uitkering sociale voorzieningen (met uitzondering van kinderbijslag).
Het percentage is vermeld bij minimaal 100 personen met persoonlijk inkomen in particuliere huishoudens per regio.

Het betreft voorlopige cijfers.

";91;k_40PersonenMetLaagsteInkomen_67;;87.0;67.0;Relative;40% personen met laagste inkomen;Topic;%;Cbs.OData.Topic
92;Double;1.0;Impossible;"Aandeel personen in particuliere huishoudens die behoren tot de landelijke 20% personen met het hoogste persoonlijk inkomen.
Personen met persoonlijk inkomen in particuliere huishoudens zijn ingedeeld naar hoogte van het persoonlijk inkomen. 
De indeling vindt plaats nadat alle personen landelijk zijn gerangschikt van laag naar hoog persoonlijk inkomen. Tot de hoogste 20-procent-groep worden de twintig procent personen met het hoogste persoonlijk inkomen gerekend.
Het persoonlijk inkomen omvat inkomen uit arbeid, inkomen uit eigen onderneming, uitkering inkomensverzekeringen en uitkering sociale voorzieningen (met uitzondering van kinderbijslag).
Het percentage is vermeld bij minimaal 100 personen met persoonlijk inkomen in particuliere huishoudens per regio.

Het betreft voorlopige cijfers.

";92;k_20PersonenMetHoogsteInkomen_68;;87.0;68.0;Relative;20% personen met hoogste inkomen;Topic;%;Cbs.OData.Topic
93;Double;1.0;Impossible;"Het aandeel personen van 15 tot 75 jaar in particuliere huishuishoudens met als persoonlijke voornaamste inkomensbron inkomen uit arbeid of inkomen uit eigen onderneming, uitgedrukt in hele procenten van het totale aantal personen van 15 tot 75 jaar in particuliere huishoudens.
Het percentage is vermeld bij minimaal 100 personen van 15 tot 75 jaar in particuliere huishoudens.

Het betreft voorlopige cijfers.
";93;Actieven1575Jaar_69;;87.0;69.0;Relative;Actieven 15-75 jaar;Topic;%;Cbs.OData.Topic
94;;;;De doelpopulatie bestaat uit particuliere huishoudens waarvan het inkomen is waargenomen.;94;;;86.0;;;Inkomen van huishoudens;TopicGroup;;Cbs.OData.TopicGroup
95;Double;1.0;Impossible;"Aandeel particuliere huishoudens die behoren tot de landelijke 40% huishoudens met het laagste huishoudensinkomen.
Particuliere huishoudens zijn ingedeeld naar hoogte van het besteedbaar huishoudensinkomen. 
De indeling vindt plaats nadat huishoudens landelijk zijn gerangschikt van laag naar hoog besteedbaar huishoudensinkomen. Tot de laagste 40-procent-groep worden de veertig procent huishoudens met het laagste besteedbaar inkomen gerekend.
Het percentage is vermeld bij minimaal 100 particuliere huishoudens per regio. 

Het besteedbaar inkomen van particuliere huishoudens bestaat uit het bruto-inkomen verminderd met: 
- betaalde inkomensoverdrachten, zoals alimentatie van de ex-echtgeno(o)t(e);
- premies inkomensverzekeringen zoals premies betaald voor sociale verzekeringen, volksverzekeringen en particuliere verzekeringen in verband met werkloosheid, arbeidsongeschiktheid en ouderdom en nabestaanden;
- premies ziektekostenverzekeringen;
- belastingen op inkomen en vermogen.

Het betreft voorlopige cijfers.
";95;k_40HuishoudensMetLaagsteInkomen_70;;94.0;70.0;Relative;40% huishoudens met laagste inkomen;Topic;%;Cbs.OData.Topic
96;Double;1.0;Impossible;"Aandeel particuliere huishoudens die behoren tot de landelijke 20% huishoudens met het hoogste huishoudensinkomen.
Particuliere huishoudens zijn ingedeeld naar hoogte van het besteedbaar huishoudensinkomen. 
De indeling vindt plaats nadat huishoudens landelijk zijn gerangschikt van laag naar hoog besteedbaar huishoudensinkomen. Tot de hoogste 20-procent-groep worden de twintig procent huishoudens met het hoogste besteedbaar inkomen gerekend.
Het percentage is vermeld bij minimaal 100 particuliere huishoudens per regio. 

Het besteedbaar inkomen van particuliere huishoudens bestaat uit het bruto-inkomen verminderd met: 
- betaalde inkomensoverdrachten, zoals alimentatie van de ex-echtgeno(o)t(e);
- premies inkomensverzekeringen zoals premies betaald voor sociale verzekeringen, volksverzekeringen en particuliere verzekeringen in verband met werkloosheid, arbeidsongeschiktheid en ouderdom en nabestaanden;
- premies ziektekostenverzekeringen;
- belastingen op inkomen en vermogen.

Het betreft voorlopige cijfers.
";96;k_20HuishoudensMetHoogsteInkomen_71;;94.0;71.0;Relative;20% huishoudens met hoogste inkomen;Topic;%;Cbs.OData.Topic
97;Double;1.0;Impossible;"Bij de bepaling van laag inkomen is van de particuliere huishoudens een aantal groepen niet meegenomen. Dit betreft enerzijds studentenhuishoudens en anderzijds huishoudens met een onvolledig jaarinkomen. De doelpopulatie bestaat dan ook uit particuliere huishoudens waarvan de hoofdkostwinner (of eventuele partner) het gehele jaar inkomen heeft en niet afhankelijk is van studiefinanciering.

Om te bepalen of een huishouden een laag inkomen heeft, wordt het inkomen van een huishouden omgerekend tot het gestandaardiseerde inkomen (exclusief eventueel ontvangen huurtoeslag). Vervolgens wordt dit gestandaardiseerde inkomen (met het prijsindexcijfer) herleid naar het prijspeil in 2000. Het resulterende gestandaardiseerde en gedefleerde inkomen is laag wanneer het minder is dan 9249 euro. Deze grens komt ongeveer overeen met de koopkracht van een bijstandsuitkering voor een alleenstaande in 1979 toen deze op zijn hoogst was. 
Het percentage is vermeld bij minimaal 100 particuliere huishoudens behorende tot de doelpopulatie per regio.

Het betreft voorlopige cijfers.
";97;HuishoudensMetEenLaagInkomen_72;;94.0;72.0;Relative;Huishoudens met een laag inkomen;Topic;%;Cbs.OData.Topic
98;Double;1.0;Impossible;"Huishoudens onder of rond het sociaal minimum.
Bij de bepaling van het sociaal minimum is van de particuliere huishoudens een aantal groepen niet meegenomen. Dit betreft enerzijds studentenhuishoudens en anderzijds huishoudens met een onvolledig jaarinkomen. De doelpopulatie bestaat dan ook uit particuliere huishoudens waarvan de hoofdkostwinner (of eventuele partner) het gehele jaar inkomen heeft en niet afhankelijk is van studiefinanciering.

Het sociaal minimum is het wettelijk bestaansminimum zoals dat in de politieke besluitvorming is vastgesteld. Om te kunnen beoordelen hoe het inkomen zich verhoudt tot het minimum, is aan de hand van de regelgeving vastgesteld welke norm voor het desbetreffende huishouden van toepassing is. De norm voor een (echt)paar met uitsluitend minderjarige kinderen is bijvoorbeeld gelijkgesteld aan de bijstandsuitkering van een echtpaar, aangevuld met de (leeftijdsafhankelijke) kinderbijslag. Bij 65-plussers is het bedrag aan AOW-pensioen als norm gekozen.
Het waargenomen inkomen van huishoudens, die uitsluitend op een bijstandsuitkering zijn aangewezen, wijkt in veel gevallen in geringe mate af van de vastgestelde normbedragen. Zouden de normbedragen als inkomensgrens worden gehanteerd, dan komt een deel van deze huishoudens met hun inkomen net boven het sociale minimum uit. Daarom is niet 100%, maar 101% van het sociaal minimum als inkomensgrens gehanteerd.
Het percentage is vermeld bij minimaal 100 particuliere huishoudens behorende tot de doelpopulatie per regio.

Het betreft voorlopige cijfers.
";98;HuishOnderOfRondSociaalMinimum_73;;94.0;73.0;Relative;Huish. onder of rond sociaal minimum;Topic;%;Cbs.OData.Topic
99;;;;"Deze variabelen geven per gemeente, wijk en buurt inzicht in het aantal personen dat een uitkering ontvangt op grond van arbeidsongeschiktheid, bijstand, werkloosheid en ouderdom.
Het is mogelijk dat een persoon aanspraak maakt op meer dan één uitkering. Dat kunnen uitkeringen zijn van eenzelfde soort (bijvoorbeeld twee uitkeringen op grond van de Wet op de arbeidsongeschiktheidsverzekering (WAO)) of twee uitkeringen van verschillende soort (zoals een uitkering op grond van de Werkloosheidswet en een bijstandsuitkering). In het laatste geval wordt de persoon bij beide soorten uitkeringen meegeteld, in het eerste geval slechts één keer (bij de WAO).

";99;;;;;;Sociale zekerheid;TopicGroup;;Cbs.OData.TopicGroup
100;Long;0.0;Impossible;"Personen die een bijstandsuitkering op grond van de Participatiewet ontvangen.
Personen met een uitkering die verblijven in een instelling, de elders verzorgden, zijn niet inbegrepen. Ook dak- en thuislozen met bijstand zijn niet inbegrepen. 

Participatiewet
De Participatiewet vervangt sinds 1 januari 2015 de Wet werk en bijstand (WWB), de Wet Sociale Werkvoorziening (WsW) en een groot deel van de Wet werk en arbeidsondersteuning jonggehandicapten (wet Wajong).De Participatiewet komt vrijwel overeen met de WWB, maar nog sterker wordt de nadruk gelegd op participatie aan het arbeidsproces.
De wet regelt in Nederland de ondersteuning bij arbeidsinschakeling en het verlenen van bijstand door gemeenten voor mensen die weinig of geen ander inkomen (waaronder andere uitkeringen) hebben en ook weinig of geen vermogen. Gemeenten voeren de wet uit en bepalen, binnen de wettelijke grenzen, hun eigen beleid.

Het betreft voorlopige cijfers.
";100;PersonenPerSoortUitkeringBijstand_74;;99.0;74.0;Absolute;"Personen per soort uitkering; Bijstand";Topic;aantal;Cbs.OData.Topic
101;Long;0.0;Impossible;"Personen die een arbeidsongeschiktheidsuitkering ontvangen op grond van de Wet op de arbeidsongeschiktheidsverzekering (WAO), de Wet arbeidsongeschiktheidsverzekering zelfstandigen (WAZ), Wet werk en arbeidsondersteuning jonggehandicapten (wet Wajong) en de Wet werk en Inkomen naar arbeidsvermogen (WIA).

Wet op de arbeidsongeschiktheidsverzekering (WAO)
Wet die als doel heeft om personen in loondienst te verzekeren van een loonvervangende uitkering bij langdurige arbeidsongeschiktheid. De WAO is met ingang van 29 december 2005 vervangen door de Wet werk en inkomen naar arbeidsvermogen (WIA), maar blijft bestaan voor mensen die al een WAO-uitkering hadden of binnen 5 jaar na het beëindigen van de uitkering opnieuw arbeidsongeschikt worden door dezelfde oorzaak.

Wet arbeidsongeschiktheidsverzekering zelfstandigen (WAZ)
Een verplichte verzekering voor zelfstandigen, beroepsbeoefenaren, directeuren-grootaandeelhouders en meewerkende echtgenoten tegen de financiële gevolgen van langdurige arbeidsongeschiktheid. 
De WAZ is met ingang van 1 augustus 2004 geblokkeerd, maar blijft bestaan voor mensen die al een WAZ-uitkering hadden.

Wet werk en arbeidsondersteuning jonggehandicapten (wet Wajong)
Wettelijke voorziening in de financiële gevolgen van langdurige arbeidsongeschiktheid van mensen die geen aanspraak kunnen maken op de WAO/WIA omdat er geen arbeidsverleden is opgebouwd. 
Dit zijn mensen die arbeidsongeschikt zijn voor de dag dat zij 17 jaar worden of na hun 17e jaar arbeidsongeschikt worden en een opleiding of studie volgen.

Met ingang van 1 januari 2010 is de Wet werk en arbeidsondersteuning jonggehandicapten (Wet Wajong) in werking getreden, ter vervanging van de oude Wajong. 
In tegenstelling tot de 'oude' Wajong hebben jongeren met een ziekte of handicap in de eerste plaats recht op hulp bij het vinden en houden van werk. Daaraan gekoppeld kunnen ze een inkomensondersteuning krijgen. De 'oude' Wajong blijft gelden voor jongeren die voor 1 januari 2010 een uitkering hebben aangevraagd.

Wet werk en inkomen naar arbeidsvermogen (WIA)
De wet geeft werknemers die na een wachttijd van twee jaar nog minstens 35 procent arbeidsongeschikt zijn, recht op een uitkering.
De wet is zo opgezet dat een persoon gestimuleerd wordt om naar vermogen te werken.
De WIA kent twee regelingen: de regeling inkomensvoorziening volledig arbeidsongeschikten (IVA) en de regeling werkhervatting gedeeltelijk arbeidsgeschikten (WGA).
De IVA regelt een loonvervangende uitkering voor werknemers die volledig en duurzaam arbeidsongeschikt zijn.
De WGA regelt een aanvulling op het met arbeid verdiende inkomen of een minimumuitkering als men niet of onvoldoende werkt.

Het betreft voorlopige cijfers.
";101;PersonenPerSoortUitkeringAO_75;;99.0;75.0;Absolute;"Personen per soort uitkering; AO";Topic;aantal;Cbs.OData.Topic
102;Long;0.0;Impossible;"Personen die een uitkering ontvangen op grond van de Werkloosheidswet (WW).

Werkloosheidswet (WW)
De wet heeft tot doel werknemers te verzekeren tegen de financiële gevolgen van werkloosheid. 
De wet voorziet in een uitkering die gerelateerd is aan het laatstverdiende inkomen uit dienstbetrekking. De duur van de uitkering is afhankelijk van het arbeidsverleden van de verzekerde. Het Uitvoeringsinstituut Werknemersverzekeringen (UWV) beoordeelt of men voor een WW-uitkering in aanmerking komt.

Het betreft voorlopige cijfers.
";102;PersonenPerSoortUitkeringWW_76;;99.0;76.0;Absolute;"Personen per soort uitkering; WW";Topic;aantal;Cbs.OData.Topic
103;Long;0.0;Impossible;"Personen die een basispensioen van de Rijksoverheid ontvangen op grond van de Algemene Ouderdomswet (AOW).

Algemene Ouderdomswet (AOW)
De AOW is een algemene, de gehele bevolking omvattende, verplichte verzekering die personen vanaf de AOW-gerechtigde leeftijd een inkomen garandeert. In het Nederlandse sociale zekerheidsstelsel is dit een volksverzekering. 
In principe is iedereen die nog niet de AOW-gerechtige leeftijd heeft bereikt en in Nederland woont, verzekerd voor de AOW. 
Ook degenen die niet in Nederland wonen, maar in Nederland in dienstbetrekking arbeid verrichten waarover loonbelasting wordt betaald, zijn verzekerd. 
Voor perioden die men in het buitenland woont, kan men zich verzekeren tegen verlies van aanspraak op een AOW-uitkering. 
Een uitkering kan, binnen het kader van de wet Beperking export uitkeringen (wet BEU), naar het buitenland worden overgemaakt.

AOW-gerechtigde leeftijd (AOW-leeftijd) 
De AOW-leeftijd is de leeftijd waarop het AOW-pensioen ingaat. De AOW-leeftijd is tot en met 2021 als volgt:

Tot 2013: 65 jaar
2013: 65 jaar en 1 maand
2014: 65 jaar en 2 maanden
2015: 65 jaar en 3 maanden
2016: 65 jaar en 6 maanden
2017: 65 jaar en 9 maanden
2018: 66 jaar 
2019-2021: 66 jaar en 4 maanden. 

Na 2021, tussen 2022 en 2024, kan de AOW-leeftijd geleidelijk oplopen naar 67 jaar. Na 2024 wordt beoogd de AOW-leeftijd langzamer te laten stijgen dan de levensverwachting. Dit betekent dat elk jaar levenswinst wordt vertaald in gemiddeld acht maanden langer doorwerken en gemiddeld vier maanden langer AOW-pensioen.
    
Het betreft voorlopige cijfers.


";103;PersonenPerSoortUitkeringAOW_77;;99.0;77.0;Absolute;"Personen per soort uitkering; AOW";Topic;aantal;Cbs.OData.Topic
104;;;;"Bevat cijfers over vermogensmisdrijven die door de politie zijn geregistreerd, per type misdrijf uitgedrukt in aantallen per 1000 inwoners. De cijfers zijn uitgesplitst naar gemeente van plegen, wijk en buurt. Misdrijven waarvan de pleeglocatie niet aan een buurt is toe te kennen, worden in deze tabel niet meegeteld.

Vanaf heden produceert en publiceert de Nationale Politie zelf statistieken, onder andere over aantallen misdrijven per wijk en buurt. Deze worden beschikbaar gesteld op data.politie.nl.
";104;;;;;;Criminaliteit;TopicGroup;;Cbs.OData.TopicGroup
105;Long;0.0;Impossible;"Deze regel geeft het totaal weer van 'Diefstal/inbraak uit woning' en 'Diefstal/inbraak uit schuur/garage/tuinhuis'.

Vanaf heden produceert en publiceert de Nationale Politie zelf statistieken, onder andere over aantallen misdrijven per wijk en buurt. Deze worden beschikbaar gesteld op data.politie.nl.
";105;TotaalDiefstalUitWoningSchuurED_78;;104.0;78.0;Relative;Totaal diefstal uit woning/schuur/e.d.;Topic;per 1 000 inwoners;Cbs.OData.Topic
106;Long;0.0;Impossible;Vanaf heden produceert en publiceert de Nationale Politie zelf statistieken, onder andere over aantallen misdrijven per wijk en buurt. Deze worden beschikbaar gesteld op data.politie.nl.;106;VernielingMisdrijfTegenOpenbareOrde_79;;104.0;79.0;Relative;Vernieling, misdrijf tegen openbare orde;Topic;per 1 000 inwoners;Cbs.OData.Topic
107;Long;0.0;Impossible;Vanaf heden produceert en publiceert de Nationale Politie zelf statistieken, onder andere over aantallen misdrijven per wijk en buurt. Deze worden beschikbaar gesteld op data.politie.nl.;107;GeweldsEnSeksueleMisdrijven_80;;104.0;80.0;Relative;Gewelds- en seksuele misdrijven;Topic;per 1 000 inwoners;Cbs.OData.Topic
108;;;;"Bedrijfsvestigingen naar activiteit op 1 januari (SBI 2008), exclusief bedrijfsvestigingen in de sectoren overheid, onderwijs en zorg
 
Deze tabel bevat gegevens over het aantal vestigingen van bedrijven naar economische activiteit, gebaseerd op de Standaard Bedrijfsindeling 2008 (SBI 2008). De vestigingen zijn voorts ingedeeld naar de gemeentelijke indeling per 1 januari van het verslagjaar, naar wijken en naar buurten. 

Status van de cijfers: 
De cijfers hebben een voorlopig karakter.

Vestiging:
Elke afzonderlijk gelegen ruimte, terrein of complex van ruimten of terreinen, benut door een bedrijf voor uitoefening van de activiteiten. Ieder bedrijf bestaat uit ten minste één vestiging. Meerdere locaties van een bedrijf binnen één postcodegebied worden als één vestiging beschouwd.

Standaard Bedrijfsindeling 2008 (SBI 2008): 
De Nederlandse hiërarchische indeling van economische activiteiten die door het CBS wordt gebruikt om bedrijfseenheden in te delen naar hun hoofdactiviteit. De SBI 2008 is de versie die vanaf 2008 gebruikt wordt.

In deze tabel is gekozen voor de hoofdactiviteit (SBI) van de vestiging. Niet iedere vestiging van een bedrijf houdt zich bezig met de hoofdactiviteit (SBI) van het bedrijf als geheel. Om te weten welke activiteiten worden uitgevoerd in een regio is de hoofdactiviteit (SBI) van de vestiging gebruikt. In de tabel zijn de vestigingen (naast de totalen) ook naar de volgende zeven sectoren onderverdeeld:
A  Landbouw, bosbouw en visserij
B-F  Nijverheid en energie
G+I  Handel en horeca
H+J  Vervoer, informatie en communicatie
K-L  Financiële diensten, onroerend goed
M-N  Zakelijke dienstverlening 
R-U  Cultuur, recreatie, overige diensten

De sectoren overheid, onderwijs en zorg zijn niet opgenomen vanwege de onbetrouwbaarheid van deze gegevens.
 
Het aantal vestigingen is afgerond op een veelvoud van vijf. In geval van afrondingen kan het voorkomen, dat de totalen niet precies overeenstemmen met de som der opgetelde getallen. 
In geval de wijk of buurt van het bedrijf onbekend is, wordt dit bedrijf alleen op gemeentelijk niveau meegeteld. De onderverdeling naar sectoren is alleen vermeld bij 20 of meer bedrijven per buurt.
";108;;;;;;Bedrijfsvestigingen, SBI 2008;TopicGroup;;Cbs.OData.TopicGroup
109;Long;0.0;Impossible;Het betreft voorlopige cijfers.;109;BedrijfsvestigingenTotaal_81;;108.0;81.0;Absolute;Bedrijfsvestigingen totaal;Topic;aantal;Cbs.OData.Topic
110;;;;;110;;;108.0;;;Bedrijfsvestigingen naar activiteit;TopicGroup;;Cbs.OData.TopicGroup
111;Long;0.0;Impossible;Het betreft voorlopige cijfers.;111;ALandbouwBosbouwEnVisserij_82;;110.0;82.0;Absolute;A Landbouw, bosbouw en visserij;Topic;aantal;Cbs.OData.Topic
112;Long;0.0;Impossible;Het betreft voorlopige cijfers.;112;BFNijverheidEnEnergie_83;;110.0;83.0;Absolute;B-F Nijverheid en energie;Topic;aantal;Cbs.OData.Topic
113;Long;0.0;Impossible;Het betreft voorlopige cijfers.;113;GIHandelEnHoreca_84;;110.0;84.0;Absolute;G+I Handel en horeca;Topic;aantal;Cbs.OData.Topic
114;Long;0.0;Impossible;Het betreft voorlopige cijfers.;114;HJVervoerInformatieEnCommunicatie_85;;110.0;85.0;Absolute;H+J Vervoer, informatie en communicatie;Topic;aantal;Cbs.OData.Topic
115;Long;0.0;Impossible;Het betreft voorlopige cijfers.;115;KLFinancieleDienstenOnroerendGoed_86;;110.0;86.0;Absolute;K-L Financiële diensten, onroerend goed;Topic;aantal;Cbs.OData.Topic
116;Long;0.0;Impossible;Het betreft voorlopige cijfers.;116;MNZakelijkeDienstverlening_87;;110.0;87.0;Absolute;M-N Zakelijke dienstverlening;Topic;aantal;Cbs.OData.Topic
117;Long;0.0;Impossible;Het betreft voorlopige cijfers.;117;RUCultuurRecreatieOverigeDiensten_88;;110.0;88.0;Absolute;R-U Cultuur, recreatie, overige diensten;Topic;aantal;Cbs.OData.Topic
118;;;;"De motorvoertuigen betreffen personenauto's, bedrijfsauto’s en motortweewielers op 1 januari. Aanhangwagens en opleggers zijn niet meegerekend.
De gegevens zijn ontleend aan de Statistiek van de Motorvoertuigen. Deze gegevens zijn gebaseerd op de kentekenregistratie van de Rijksdienst voor het Wegverkeer (RDW). Met behulp van deze registratie zijn tellingen gemaakt van alle voertuigen met actuele, houderschapsplichtige kentekens die op 1 januari in het kentekenbestand voorkomen.
Het aantal geregistreerde motorvoertuigen is inclusief voertuigen van lease- en verhuurbedrijven. Deze motorvoertuigen staan geregistreerd op het adres van het lease- of verhuurbedrijf. De motorvoertuigen die staan ingeschreven op postbusadressen zijn niet meegeteld bij de aantallen van de wijken en buurten, maar wel in de gemeentelijke totalen. De wijken en buurten tellen daarom niet altijd op tot gemeenten. De gemeentelijke totalen komen overeen met de Regionale Kerncijfers Nederland.
";118;;;;;;Motorvoertuigen;TopicGroup;;Cbs.OData.TopicGroup
119;;;;;119;;;118.0;;;Personenauto's;TopicGroup;;Cbs.OData.TopicGroup
120;Long;0.0;Impossible;"Personenauto
Motorvoertuig voor personenvervoer over de weg, exclusief brom- en motorfietsen, met maximaal negen zitplaatsen (met inbegrip van de bestuurdersplaats).

Hieronder vallen personenauto's, bestelwagens ontworpen voor en voornamelijk gebruikt voor het vervoer van reizigers, taxi's, huurauto's, ziekenwagens en campers. Lichte wegvoertuigen voor goederenvervoer over de weg, touringcars, autobussen en minibussen vallen hier niet onder.
Het begrip personenauto omvat ook taxi's en huurauto's met minder dan tien zitplaatsen. Vanaf 1 mei 2009 worden campers gekentekend als personenauto of als bus afhankelijk van het aantal zitplaatsen. Vóór die datum zijn campers geregistreerd als speciale voertuigen.

";120;PersonenautoSTotaal_89;;119.0;89.0;Absolute;Personenauto's totaal;Topic;aantal;Cbs.OData.Topic
121;;;;;121;;;119.0;;;"Personenauto's; brandstoftype";TopicGroup;;Cbs.OData.TopicGroup
122;Long;0.0;Missing;Het aantal personenauto's rijdend op benzine.;122;PersonenautoSBrandstofBenzine_90;;121.0;90.0;Absolute;"Personenauto's; brandstof benzine";Topic;aantal;Cbs.OData.Topic
123;Long;0.0;Missing;Het aantal personenauto's met overige brandstof. Hieronder vallen: diesel, LPG, elektriciteit (incl. Hybride), waterstof, alcohol, LNG en CNG.;123;PersonenautoSOverigeBrandstof_91;;121.0;91.0;Absolute;"Personenauto's; overige brandstof";Topic;aantal;Cbs.OData.Topic
124;Double;1.0;Impossible;Het aantal personenauto's per (particulier) huishouden op 1 januari. De personenauto's worden regionaal ingedeeld met behulp van de kentekenregistratie. Personenauto's die geregistreerd staan op het adres van het lease- of verhuurbedrijf vertekenen daarom de autodichtheid per huishouden. Zie de tabeltoelichting voor een verwijzing naar een andere StatLinetabel met cijfers waarin de voertuigen op naam van rechtspersonen (bedrijven) buiten beschouwing zijn gelaten, om deze vertekening van de cijfers door grote verhuur- en leasebedrijven te voorkomen. Het aantal personenauto's per huishouden is vermeld bij minimaal 50 huishoudens en bij een waarde van maximaal 2,5 personenauto’s per huishouden.;124;PersonenautoSPerHuishouden_92;;119.0;92.0;Absolute;Personenauto's per huishouden;Topic;per huishouden;Cbs.OData.Topic
125;Long;0.0;Impossible;Het aantal personenauto's per km² land op 1 januari. De personenauto's worden regionaal ingedeeld met behulp van de kentekenregistratie. Personenauto's die geregistreerd staan op het adres van het lease- of verhuurbedrijf vertekenen daarom de autodichtheid per oppervlakte. Zie de tabeltoelichting voor een verwijzing naar een andere StatLinetabel met cijfers waarin de voertuigen op naam van rechtspersonen (bedrijven) buiten beschouwing zijn gelaten, om deze vertekening van de cijfers door grote verhuur- en leasebedrijven te voorkomen. Het aantal personenauto's naar oppervlakte is vermeld als ook het aantal personenauto's per huishouden is gepubliceerd. Dat is bij minimaal 50 huishoudens en bij een waarde van maximaal 2,5 personenauto’s per huishouden.;125;PersonenautoSNaarOppervlakte_93;;119.0;93.0;Relative;Personenauto's naar oppervlakte;Topic;per km²;Cbs.OData.Topic
126;Long;0.0;Impossible;"Motorfiets
Voertuig voor het wegverkeer op twee, drie of vier wielen met een onbeladen gewicht van maximaal 400 kg. Dergelijke motorvoertuigen met een cilinderinhoud van meer dan 50 cm³ vallen hieronder, alsook motorvoertuigen met een cilinderinhoud van minder dan 50 cm³ die niet aan de definitie van bromfiets beantwoorden.

";126;Motorfietsen_94;;118.0;94.0;Absolute;Motorfietsen;Topic;aantal;Cbs.OData.Topic
127;;;;"Locatie die bezocht kan worden door personen. De locatie sluit aan bij het gebruik in het dagelijks leven.

De afstand tot een voorziening is berekend over verharde, door auto's te gebruiken wegen, dus niet over fiets- en voetpaden. Overtochten via veerboten zijn hierbij inbegrepen. Er wordt geen rekening gehouden met éénrichtingsverkeer en overige inrijverboden van toegangswegen tot rijks- of provinciale wegen.

";127;;;;;;Nabijheid voorzieningen;TopicGroup;;Cbs.OData.TopicGroup
128;Double;1.0;Impossible;"De gemiddelde afstand van alle inwoners in een gebied tot de dichtstbijzijnde huisartsenpraktijk, berekend over de weg. 
.
De gemiddelde afstand is opgenomen wanneer van 90 procent of meer van de inwoners in de buurt de exacte ligging (x,y-coördinaat) van het adres kon worden vastgesteld. Daarnaast geldt dat het gemiddelde alleen is vermeld bij minimaal 10 inwoners per buurt.

Huisartsenpraktijk: Pand of ruimte waarin een of meer huisartsen (samen) werken.

Huisarts:
De huisarts is verantwoordelijk voor de algemene medische zorg. Hij/zij geeft persoonlijke en continue zorg aan een vaste praktijkpopulatie.
";128;AfstandTotHuisartsenpraktijk_95;;127.0;95.0;Absolute;Afstand tot huisartsenpraktijk;Topic;km;Cbs.OData.Topic
129;Double;1.0;Impossible;"De gemiddelde afstand van alle inwoners in een gebied tot de dichtstbijzijnde grote supermarkt, berekend over de weg.

De gemiddelde afstand is opgenomen wanneer van 90 procent of meer van de inwoners in de buurt de exacte ligging (x,y-coördinaat) van het adres kon worden vastgesteld. Daarnaast geldt dat het gemiddelde alleen is vermeld bij minimaal 10 inwoners per buurt.

Grote supermarkt:
Winkel met meerdere soorten dagelijkse artikelen en een minimale oppervlakte van 150 m2.
";129;AfstandTotGroteSupermarkt_96;;127.0;96.0;Absolute;Afstand tot grote supermarkt;Topic;km;Cbs.OData.Topic
130;Double;1.0;Impossible;"De gemiddelde afstand van alle inwoners in een gebied tot het dichtstbijzijnde kinderdagverblijf, berekend over de weg. 
.
De gemiddelde afstand is opgenomen wanneer van 90 procent of meer van de inwoners in de buurt de exacte ligging (x,y-coördinaat) van het adres kon worden vastgesteld. Daarnaast geldt dat het gemiddelde alleen is vermeld bij minimaal 10 inwoners per buurt.

Kinderdagverblijf:
Plaats waar kinderen van 0 tot 4 jaar gedurende één of meer dagdelen per week het hele jaar door worden opgevangen. Er kan voor meer dan 5 uur per dag van het kinderdagverblijf gebruik gemaakt worden en voor maximaal 10 dagdelen per week.
";130;AfstandTotKinderdagverblijf_97;;127.0;97.0;Absolute;Afstand tot kinderdagverblijf;Topic;km;Cbs.OData.Topic
131;;;;"Het basisonderwijs omvat naast de reguliere basisscholen ook de scholen voor kinderen van mensen zonder vaste woon- of verblijfplaats, de zogenaamde rijdende scholen en de ligplaatsscholen voor varende kleuters. Het speciaal basisonderwijs en de speciale scholen zijn niet meegenomen.

In Nederland zijn er ongeveer 10 rijdende scholen. Deze scholen hebben allen als officiële vestigingsgemeente Geldermalsen. Het aantal basisscholen in Geldermalsen is hierdoor hoog, vooral in het oostelijke deel. Ook in buurten van de omliggende gemeenten Buren, Culemborg en Neerijnen is het effect van deze scholen nog zichtbaar.

De cijfers vermeld bij het jaar:
- 2019 betreffen schooljaar 2018/'19.

De cijfers zijn gebaseerd op het adressenbestand van het Ministerie van Onderwijs, Cultuur en Wetenschap met vestigingen van basisscholen. Als bekend is dat er onderwijs gevolgd kan worden op een dependance en dit een effect heeft van meer dan 500 meter op de berekende gemiddelde afstand, zijn deze gegevens van de buurten en wijken aanvullend geheim gemaakt.
";131;;;127.0;;;Basisonderwijs;TopicGroup;;Cbs.OData.TopicGroup
132;Double;1.0;Impossible;"De gemiddelde afstand van alle inwoners in een gebied tot de dichtstbijzijnde school, berekend over de weg. 

De gemiddelde afstand is opgenomen wanneer van 90 procent of meer van de inwoners in de buurt de exacte ligging (x,y-coördinaat) van het adres kon worden vastgesteld. Daarnaast geldt dat het gemiddelde alleen is vermeld bij minimaal 10 inwoners per buurt.
";132;AfstandTotSchool_98;;131.0;98.0;Absolute;Afstand tot school;Topic;km;Cbs.OData.Topic
133;Double;1.0;Impossible;"Het gemiddeld aantal scholen binnen 3 kilometer over de weg voor alle inwoners van een gebied.

Het gemiddelde aantal is opgenomen wanneer van 90 procent of meer van de inwoners in de buurt de exacte ligging (x,y-coördinaat) van het adres kon worden vastgesteld. Daarnaast geldt dat het gemiddelde alleen is vermeld bij minimaal 10 inwoners per buurt.
";133;ScholenBinnen3Km_99;;131.0;99.0;Absolute;Scholen binnen 3 km;Topic;aantal;Cbs.OData.Topic
134;;;;"Voor de bepaling van oppervlaktecijfers is voor de gemeentegrenzen gebruik gemaakt van het digitale gemeentegrenzenbestand van het Kadaster en voor de wijk- en buurtgrenzen binnen de gemeenten van het digitale wijk- en buurtgrenzenbestand van het CBS. 
Het bestand Burgerlijke gemeentegrenzen van het Kadaster wordt gebruikt als basis voor de gemeentegrenzen.
Vanwege kleine grensverschillen tussen beide gemeentegrenzen-bestanden zullen daarom kleine afwijkingen in oppervlakte voor bijna alle gemeenten gerapporteerd worden, ook voor gemeenten waarvan de gemeentegrenzen niet officieel gewijzigd zijn.
Met totale oppervlakte per gemeente wordt de oppervlakte inclusief het gemeentelijk ingedeeld buitenwater bedoeld. Bij oppervlaktecijfers over wijken en buurten is de oppervlakte land en water opgenomen exclusief buitenwater. Door dit laatste kan de optelling van de wijken of buurten verschillen met de gepubliceerde totalen per gemeente. Deze verschillen doen zich vooral voor bij kustgemeenten.
";134;;;;;;Oppervlakte;TopicGroup;;Cbs.OData.TopicGroup
135;Long;0.0;Impossible;De totale oppervlakte is de som van de oppervlakten water en land in hele hectaren (ha.).;135;OppervlakteTotaal_100;;134.0;100.0;Absolute;Oppervlakte totaal;Topic;ha;Cbs.OData.Topic
136;Long;0.0;Impossible;"De oppervlakte land is bepaald door het meest recente digitale bestand Bodemgebruik te combineren met het digitale bestand van gemeente-, wijk- en buurtgrenzen. 
Voor het jaar 2018 is uitgegaan van het bestand Bodemgebruik 2015.

De oppervlakte land wordt uitgedrukt in hele hectaren (ha.).
";136;OppervlakteLand_101;;134.0;101.0;Absolute;Oppervlakte land;Topic;ha;Cbs.OData.Topic
137;Long;0.0;Impossible;"Oppervlakte water omvat zowel binnen- als buitenwater. Tot binnenwater wordt gerekend alle water niet onderhevig aan getijden en breder dan 6 meter, zoals het IJsselmeer, Markermeer, Randmeren, sloten, rivieren, kanalen en dergelijke. Onder het buitenwater valt alle water onderhevig aan getijden, zoals de Waddenzee, Oosterschelde, Westerschelde en het gemeentelijk ingedeelde gedeelte van de Noordzee.
De oppervlakte water is bepaald door het meest recente digitale bestand Bodemgebruik te combineren met het digitale bestand van gemeente-, wijk- en buurtgrenzen.
Voor het jaar 2018 is uitgegaan van het bestand Bodemgebruik 2015.

Het buitenwater is alleen op gemeenteniveau vermeld, water per wijk of buurt bestaat alleen uit binnenwater. De oppervlakte water wordt uitgedrukt in hele hectaren (ha.).

";137;OppervlakteWater_102;;134.0;102.0;Absolute;Oppervlakte water;Topic;ha;Cbs.OData.Topic
138;;;;;138;;;;;;Postcode;TopicGroup;;Cbs.OData.TopicGroup
139;String;0.0;Impossible;Meest voorkomende numerieke postcode in een buurt, op grond van het aantal adressen in het Geografisch Basisregister (GBR, definitieve versie) per 1 januari.;139;MeestVoorkomendePostcode_103;;138.0;103.0;;Meest voorkomende postcode;Topic;code;Cbs.OData.Topic
140;Long;0.0;Impossible;"Indicatie (in zes klassen) van het percentage adressen in een buurt met de meest voorkomende postcode. Dit percentage is ontleend aan het Geografisch Basisregister (GBR, definitieve versie).
De volgende klassenindeling is gehanteerd:
1: > 90% van de adressen heeft dezelfde vermelde numerieke postcode;
2: 81-90% van de adressen heeft dezelfde vermelde numerieke postcode;
3: 71-80% van de adressen heeft dezelfde vermelde numerieke postcode;
4: 61-70% van de adressen heeft dezelfde vermelde numerieke postcode;
5: 51-60% van de adressen heeft dezelfde vermelde numerieke postcode;
6: 50% of minder van de adressen heeft dezelfde vermelde numerieke postcode.
";140;Dekkingspercentage_104;;138.0;104.0;Absolute;Dekkingspercentage;Topic;code;Cbs.OData.Topic
141;;;;;141;;;;;;Stedelijkheid;TopicGroup;;Cbs.OData.TopicGroup
142;Long;0.0;Impossible;"Op grond van de omgevingsadressendichtheid is aan iedere buurt, wijk of gemeente een stedelijkheidsklasse toegekend. De volgende klassenindeling is gehanteerd:
1: zeer sterk stedelijk >= 2 500 adressen per km²
2: sterk stedelijk 1 500 -  2 500 adressen per km²
3: matig stedelijk 1 000 - 1 500 adressen per km²
4: weinig stedelijk 500 - 1 000 adressen per km²
5: niet stedelijk < 500 adressen per km²
";142;MateVanStedelijkheid_105;;141.0;105.0;Absolute;Mate van stedelijkheid;Topic;code;Cbs.OData.Topic
143;Long;0.0;Impossible;"De omgevingsadressendichtheid (OAD) van een buurt, wijk of gemeente is het gemiddeld aantal adressen per vierkante kilometer binnen een cirkel met een straal van één kilometer op 1 januari.
De OAD beoogt de mate van concentratie van menselijke activiteiten (wonen, werken, schoolgaan, winkelen, uitgaan etc.) weer te geven. Het CBS gebruikt de OAD om de stedelijkheid van een bepaald gebied te bepalen.
Voor de berekening hiervan wordt eerst voor ieder adres de OAD vastgesteld. Daarna is het gemiddelde berekend van de omgevingsadressendichtheden van alle afzonderlijke adressen binnen het beschouwde gebied. De adressen zijn afkomstig uit het Geografisch Basisregister van het betreffende jaar (definitieve versie). Dit register bevat alle adressen van Nederland die zijn voorzien van een postcode, gemeentecode en wijk- en buurtcode.
";143;Omgevingsadressendichtheid_106;;141.0;106.0;Relative;Omgevingsadressendichtheid;Topic;per km²;Cbs.OData.Topic
